,predicted_naive_bayes_unigram,predicted_logistic_regression_unigram,pred_gb,pred_rf,pred_decision_tree
predicted_naive_bayes_unigram,0.0,0.3267995676689632,0.8596837951986661,0.7353166906373405,1.596902598079048e-05
predicted_logistic_regression_unigram,0.3267995676689632,0.0,0.6170750774519739,0.7603683300552028,0.0002718680028822981
pred_gb,0.8596837951986661,0.6170750774519739,0.0,1.0,2.6592618550786612e-05
pred_rf,0.7353166906373405,0.7603683300552028,1.0,0.0,0.00028896145176247163
pred_decision_tree,1.596902598079048e-05,0.0002718680028822981,2.6592618550786612e-05,0.00028896145176247163,0.0
